,0,1,2,3,4,5,Id,Label
0,100644,Alexander,Zverev,R,19970420.0,GER,100644,Alexander Zverev
1,103333,Ivo,Karlovic,R,19790228.0,CRO,103333,Ivo Karlovic
2,103499,Aqeel,Khan,R,19800130.0,PAK,103499,Aqeel Khan
3,103529,Aisam Ul Haq,Qureshi,R,19800317.0,PAK,103529,Aisam Ul Haq Qureshi
4,103565,Stephane,Robert,R,19800517.0,FRA,103565,Stephane Robert
5,103607,Victor,Estrella,R,19800802.0,DOM,103607,Victor Estrella
6,103781,Jurgen,Melzer,L,19810522.0,AUT,103781,Jurgen Melzer
7,103819,Roger,Federer,R,19810808.0,SUI,103819,Roger Federer
8,103852,Feliciano,Lopez,L,19810920.0,ESP,103852,Feliciano Lopez
9,103893,Paolo,Lorenzi,R,19811215.0,ITA,103893,Paolo Lorenzi
10,103898,Julien,Benneteau,R,19811220.0,FRA,103898,Julien Benneteau
11,103917,Nicolas,Mahut,R,19820121.0,FRA,103917,Nicolas Mahut
12,103970,David,Ferrer,R,19820402.0,ESP,103970,David Ferrer
13,103990,Tommy,Robredo,R,19820501.0,ESP,103990,Tommy Robredo
14,104022,Mikhail,Youzhny,R,19820625.0,RUS,104022,Mikhail Youzhny
15,104122,Carlos,Berlocq,R,19830203.0,ARG,104122,Carlos Berlocq
16,104180,Gilles,Muller,L,19830509.0,LUX,104180,Gilles Muller
17,104198,Guillermo,Garcia Lopez,R,19830604.0,ESP,104198,Guillermo Garcia Lopez
18,104233,Frederik,Nielsen,R,19830827.0,DEN,104233,Frederik Nielsen
19,104251,Ti,Chen,R,19831003.0,TPE,104251,Ti Chen
20,104252,Florian,Mayer,R,19831005.0,GER,104252,Florian Mayer
21,104259,Philipp,Kohlschreiber,R,19831016.0,GER,104259,Philipp Kohlschreiber
22,104269,Fernando,Verdasco,L,19831115.0,ESP,104269,Fernando Verdasco
23,104291,Malek,Jaziri,R,19840120.0,TUN,104291,Malek Jaziri
24,104297,Rogerio,Dutra Silva,R,19840203.0,BRA,104297,Rogerio Dutra Silva
25,104308,Michal,Przysiezny,R,19840216.0,POL,104308,Michal Przysiezny
26,104312,Andreas,Seppi,R,19840221.0,ITA,104312,Andreas Seppi
27,104460,Dustin,Brown,R,19841208.0,GER,104460,Dustin Brown
28,104467,Lamine,Ouahab,R,19841222.0,ALG,104467,Lamine Ouahab
29,104468,Gilles,Simon,R,19841227.0,FRA,104468,Gilles Simon
30,104494,Adrian,Ungur,R,19850125.0,ROU,104494,Adrian Ungur
31,104527,Stanislas,Wawrinka,R,19850328.0,SUI,104527,Stanislas Wawrinka
32,104534,Dudi,Sela,R,19850404.0,ISR,104534,Dudi Sela
33,104542,Jo Wilfried,Tsonga,R,19850417.0,FRA,104542,Jo Wilfried Tsonga
34,104545,John,Isner,R,19850426.0,USA,104545,John Isner
35,104547,Horacio,Zeballos,L,19850427.0,ARG,104547,Horacio Zeballos
36,104563,Luca,Vanni,R,19850604.0,ITA,104563,Luca Vanni
37,104571,Marcos,Baghdatis,R,19850617.0,CYP,104571,Marcos Baghdatis
38,104586,Lukas,Rosol,R,19850724.0,CZE,104586,Lukas Rosol
39,104593,Daniel,Gimeno Traver,R,19850807.0,ESP,104593,Daniel Gimeno Traver
40,104597,Nicolas,Almagro,R,19850821.0,ESP,104597,Nicolas Almagro
41,104607,Tomas,Berdych,R,19850917.0,CZE,104607,Tomas Berdych
42,104620,Simone,Bolelli,R,19851008.0,ITA,104620,Simone Bolelli
43,104629,Adrian,Menendez Maceiras,R,19851028.0,ESP,104629,Adrian Menendez Maceiras
44,104655,Pablo,Cuevas,R,19860101.0,URU,104655,Pablo Cuevas
45,104656,Haydn,Lewis,L,19860102.0,BAR,104656,Haydn Lewis
46,104660,Sergiy,Stakhovsky,R,19860106.0,UKR,104660,Sergiy Stakhovsky
47,104665,Pablo,Andujar,R,19860123.0,ESP,104665,Pablo Andujar
48,104672,Vincent,Millot,L,19860130.0,FRA,104672,Vincent Millot
49,104678,Viktor,Troicki,R,19860210.0,SRB,104678,Viktor Troicki
50,104719,Marcel,Granollers,R,19860412.0,ESP,104719,Marcel Granollers
51,104731,Kevin,Anderson,R,19860518.0,RSA,104731,Kevin Anderson
52,104745,Rafael,Nadal,L,19860603.0,ESP,104745,Rafael Nadal
53,104755,Richard,Gasquet,R,19860618.0,FRA,104755,Richard Gasquet
54,104792,Gael,Monfils,R,19860901.0,FRA,104792,Gael Monfils
55,104797,Denis,Istomin,R,19860907.0,UZB,104797,Denis Istomin
56,104810,Zhe,Li,R,19860920.0,CHN,104810,Zhe Li
57,104871,Jeremy,Chardy,R,19870212.0,FRA,104871,Jeremy Chardy
58,104882,Blaz,Kavcic,R,19870305.0,SLO,104882,Blaz Kavcic
59,104890,Andreas,Haider Maurer,R,19870322.0,AUT,104890,Andreas Haider Maurer
60,104897,Matthias,Bachinger,R,19870402.0,GER,104897,Matthias Bachinger
61,104898,Robin,Haase,R,19870406.0,NED,104898,Robin Haase
62,104907,Jose Rubin,Statham,R,19870425.0,NZL,104907,Jose Rubin Statham
63,104918,Andy,Murray,R,19870515.0,GBR,104918,Andy Murray
64,104919,Leonardo,Mayer,R,19870515.0,ARG,104919,Leonardo Mayer
65,104925,Novak,Djokovic,R,19870522.0,SRB,104925,Novak Djokovic
66,104926,Fabio,Fognini,R,19870524.0,ITA,104926,Fabio Fognini
67,104932,Kenny,De Schepper,L,19870529.0,FRA,104932,Kenny De Schepper
68,104947,Marsel,Ilhan,R,19870611.0,TUR,104947,Marsel Ilhan
69,104970,Matteo,Viola,R,19870707.0,ITA,104970,Matteo Viola
70,104978,Daniel,Brands,R,19870717.0,GER,104978,Daniel Brands
71,104999,Mischa,Zverev,L,19870822.0,GER,104999,Mischa Zverev
72,105015,Franco,Skugor,R,19870920.0,CRO,105015,Franco Skugor
73,105023,Sam,Querrey,R,19871007.0,USA,105023,Sam Querrey
74,105030,Michael,Venus,R,19871016.0,NZL,105030,Michael Venus
75,105041,Lukas,Lacko,R,19871103.0,SVK,105041,Lukas Lacko
76,105051,Matthew,Ebden,R,19871126.0,AUS,105051,Matthew Ebden
77,105053,Santiago,Giraldo,R,19871127.0,COL,105053,Santiago Giraldo
78,105062,Mikhail,Kukushkin,R,19871226.0,KAZ,105062,Mikhail Kukushkin
79,105063,Andrea,Arnaboldi,L,19871227.0,ITA,105063,Andrea Arnaboldi
80,105064,Thomaz,Bellucci,L,19871230.0,BRA,105064,Thomaz Bellucci
81,105065,Tim,Smyczek,R,19871230.0,USA,105065,Tim Smyczek
82,105074,Ruben,Bemelmans,L,19880114.0,BEL,105074,Ruben Bemelmans
83,105077,Albert,Ramos,L,19880117.0,ESP,105077,Albert Ramos
84,105085,Artem,Smirnov,U,19880202.0,UKR,105085,Artem Smirnov
85,105111,Ivan,Endara,U,19880304.0,ECU,105111,Ivan Endara
86,105132,Jurgen,Zopp,R,19880329.0,EST,105132,Jurgen Zopp
87,105138,Roberto,Bautista Agut,R,19880414.0,ESP,105138,Roberto Bautista Agut
88,105147,Tatsuma,Ito,R,19880518.0,JPN,105147,Tatsuma Ito
89,105155,Pedro,Sousa,R,19880527.0,POR,105155,Pedro Sousa
90,105156,Federico,Zeballos,U,19880530.0,BOL,105156,Federico Zeballos
91,105163,Gleb,Sakharov,R,19880610.0,FRA,105163,Gleb Sakharov
92,105166,Peter,Polansky,R,19880615.0,CAN,105166,Peter Polansky
93,105173,Adrian,Mannarino,L,19880629.0,FRA,105173,Adrian Mannarino
94,105208,Ernests,Gulbis,R,19880830.0,LAT,105208,Ernests Gulbis
95,105216,Yuichi,Sugita,R,19880918.0,JPN,105216,Yuichi Sugita
96,105217,Thiemo,De Bakker,R,19880919.0,NED,105217,Thiemo De Bakker
97,105223,Juan Martin,Del Potro,R,19880923.0,ARG,105223,Juan Martin Del Potro
98,105226,Attila,Balazs,R,19880927.0,HUN,105226,Attila Balazs
99,105227,Marin,Cilic,R,19880928.0,CRO,105227,Marin Cilic
100,105238,Alexandr,Dolgopolov,R,19881107.0,UKR,105238,Alexandr Dolgopolov
101,105273,Mauricio,Echazu,R,19890121.0,PER,105273,Mauricio Echazu
102,105292,Alejandro,Gonzalez,R,19890207.0,COL,105292,Alejandro Gonzalez
103,105299,Dzmitry,Zhyrmont,U,19890301.0,BLR,105299,Dzmitry Zhyrmont
104,105311,Joao,Sousa,R,19890330.0,POR,105311,Joao Sousa
105,105332,Benoit,Paire,R,19890508.0,FRA,105332,Benoit Paire
106,105341,Thomas,Fabbiano,R,19890526.0,ITA,105341,Thomas Fabbiano
107,105349,Harri,Heliovaara,R,19890604.0,FIN,105349,Harri Heliovaara
108,105357,John,Millman,R,19890614.0,AUS,105357,John Millman
109,105359,Jason,Jung,R,19890615.0,TPE,105359,Jason Jung
110,105373,Martin,Klizan,L,19890711.0,SVK,105373,Martin Klizan
111,105376,Peter,Gojowczyk,R,19890715.0,GER,105376,Peter Gojowczyk
112,105379,Aljaz,Bedene,R,19890718.0,SLO,105379,Aljaz Bedene
113,105385,Donald,Young,L,19890723.0,USA,105385,Donald Young
114,105413,Andrej,Martin,R,19890920.0,SVK,105413,Andrej Martin
115,105430,Radu,Albot,R,19891111.0,MDA,105430,Radu Albot
116,105432,Prajnesh,Gunneswaran,L,19891112.0,IND,105432,Prajnesh Gunneswaran
117,105436,Markus,Eriksson,R,19891129.0,SWE,105436,Markus Eriksson
118,105441,John Patrick,Smith,L,19891204.0,AUS,105441,John Patrick Smith
119,105449,Steve,Johnson,R,19891224.0,USA,105449,Steve Johnson
120,105453,Kei,Nishikori,R,19891229.0,JPN,105453,Kei Nishikori
121,105467,Jordi,Munoz Abreu,U,19900117.0,VEN,105467,Jordi Munoz Abreu
122,105477,Marco,Trungelliti,R,19900131.0,ARG,105477,Marco Trungelliti
123,105479,Alejandro,Mendoza,R,19900202.0,BOL,105479,Alejandro Mendoza
124,105487,Facundo,Bagnis,L,19900227.0,ARG,105487,Facundo Bagnis
125,105493,Tomislav,Brkic,R,19900309.0,BIH,105493,Tomislav Brkic
126,105497,Jose,Hernandez,U,19900313.0,DOM,105497,Jose Hernandez
127,105499,Christopher,Diaz Figueroa,R,19900314.0,GUA,105499,Christopher Diaz Figueroa
128,105502,N Sriram,Balaji,R,19900318.0,IND,105502,N Sriram Balaji
129,105515,Jordi,Samper Montana,U,19900405.0,ESP,105515,Jordi Samper Montana
130,105526,Jan Lennard,Struff,R,19900425.0,GER,105526,Jan Lennard Struff
131,105539,Evgeny,Donskoy,R,19900509.0,RUS,105539,Evgeny Donskoy
132,105550,Guido,Pella,L,19900517.0,ARG,105550,Guido Pella
133,105554,Daniel,Evans,R,19900523.0,GBR,105554,Daniel Evans
134,105561,Alessandro,Giannessi,L,19900530.0,ITA,105561,Alessandro Giannessi
135,105566,Shahin,Khaledan,R,19900607.0,IRI,105566,Shahin Khaledan
136,105575,Ricardas,Berankis,R,19900621.0,LTU,105575,Ricardas Berankis
137,105577,Vasek,Pospisil,R,19900623.0,CAN,105577,Vasek Pospisil
138,105578,Cristian,Rodriguez,R,19900624.0,COL,105578,Cristian Rodriguez
139,105583,Dusan,Lajovic,R,19900630.0,SRB,105583,Dusan Lajovic
140,105585,Ze,Zhang,R,19900704.0,CHN,105585,Ze Zhang
141,105587,Tom,Kocevar Desman,R,19900710.0,SLO,105587,Tom Kocevar Desman
142,105589,Gerald,Melzer,L,19900713.0,AUT,105589,Gerald Melzer
143,105606,Mohsen,Hossein Zade,U,19900805.0,IRI,105606,Mohsen Hossein Zade
144,105613,Norbert,Gombos,R,19900813.0,SVK,105613,Norbert Gombos
145,105614,Bradley,Klahn,L,19900820.0,USA,105614,Bradley Klahn
146,105626,Takanyi,Garanganga,R,19900906.0,ZIM,105626,Takanyi Garanganga
147,105633,Mohamed,Safwat,R,19900919.0,EGY,105633,Mohamed Safwat
148,105634,Viktor,Galovic,R,19900919.0,ITA,105634,Viktor Galovic
149,105641,Blaz,Rola,L,19901005.0,SLO,105641,Blaz Rola
150,105643,Federico,Delbonis,L,19901005.0,ARG,105643,Federico Delbonis
151,105649,Cedrik Marcel,Stebe,L,19901009.0,GER,105649,Cedrik Marcel Stebe
152,105656,Marcelo,Arevalo,R,19901017.0,ESA,105656,Marcelo Arevalo
153,105657,Marius,Copil,R,19901017.0,ROU,105657,Marius Copil
154,105671,Gastao,Elias,R,19901124.0,POR,105671,Gastao Elias
155,105676,David,Goffin,R,19901207.0,BEL,105676,David Goffin
156,105683,Milos,Raonic,R,19901227.0,CAN,105683,Milos Raonic
157,105688,Manuel,Sanchez,R,19910105.0,MEX,105688,Manuel Sanchez
158,105691,Scott,Griekspoor,R,19910110.0,NED,105691,Scott Griekspoor
159,105707,Nicolaas,Scholtz,R,19910205.0,RSA,105707,Nicolaas Scholtz
160,105732,Pierre Hugues,Herbert,R,19910318.0,FRA,105732,Pierre Hugues Herbert
161,105747,Karim Mohamed,Maamoun,R,19910409.0,EGY,105747,Karim Mohamed Maamoun
162,105757,Sandro,Ehrat,R,19910418.0,SUI,105757,Sandro Ehrat
163,105777,Grigor,Dimitrov,R,19910516.0,BUL,105777,Grigor Dimitrov
164,105806,Mirza,Basic,R,19910712.0,BIH,105806,Mirza Basic
165,105807,Pablo,Carreno Busta,R,19910712.0,ESP,105807,Pablo Carreno Busta
166,105812,David,Agung Susanto,U,19910721.0,INA,105812,David Agung Susanto
167,105815,Tennys,Sandgren,R,19910722.0,USA,105815,Tennys Sandgren
168,105819,Guido,Andreozzi,R,19910805.0,ARG,105819,Guido Andreozzi
169,105827,Laurynas,Grigelis,R,19910814.0,LTU,105827,Laurynas Grigelis
170,105842,Di,Wu,R,19910914.0,CHN,105842,Di Wu
171,105870,Yannick,Hanfmann,U,19911113.0,GER,105870,Yannick Hanfmann
172,105882,Stefano,Travaglia,U,19911218.0,ITA,105882,Stefano Travaglia
173,105899,Martin,Cuevas,R,19920114.0,URU,105899,Martin Cuevas
174,105902,James,Duckworth,R,19920121.0,AUS,105902,James Duckworth
175,105916,Marton,Fucsovics,R,19920208.0,HUN,105916,Marton Fucsovics
176,105932,Nikoloz,Basilashvili,R,19920223.0,GEO,105932,Nikoloz Basilashvili
177,105933,Roberto,Quiroz,L,19920223.0,ECU,105933,Roberto Quiroz
178,105935,Duilio,Beretta,R,19920225.0,PER,105935,Duilio Beretta
179,105936,Filip,Krajinovic,R,19920227.0,SRB,105936,Filip Krajinovic
180,105943,Federico,Gaio,R,19920305.0,ITA,105943,Federico Gaio
181,105948,Federico,Coria,R,19920309.0,ARG,105948,Federico Coria
182,105952,Renzo,Olivo,R,19920315.0,ARG,105952,Renzo Olivo
183,105960,Evan,King,L,19920325.0,USA,105960,Evan King
184,105961,David,Souto,L,19920326.0,VEN,105961,David Souto
185,105967,Henri,Laaksonen,R,19920331.0,SUI,105967,Henri Laaksonen
186,105985,Darian,King,R,19920426.0,BAR,105985,Darian King
187,105992,Ryan,Harrison,R,19920507.0,USA,105992,Ryan Harrison
188,106000,Damir,Dzumhur,R,19920520.0,BIH,106000,Damir Dzumhur
189,106005,Constant,Lestienne,R,19920523.0,FRA,106005,Constant Lestienne
190,106021,Dragos,Dima,R,19920616.0,ROU,106021,Dragos Dima
191,106026,Yuki,Bhambri,R,19920704.0,IND,106026,Yuki Bhambri
192,106043,Diego Sebastian,Schwartzman,R,19920816.0,ARG,106043,Diego Sebastian Schwartzman
193,106044,Nicolas,Kicker,R,19920816.0,ARG,106044,Nicolas Kicker
194,106045,Denis,Kudla,R,19920817.0,USA,106045,Denis Kudla
195,106058,Jack,Sock,R,19920924.0,USA,106058,Jack Sock
196,106065,Marco,Cecchinato,R,19920930.0,ITA,106065,Marco Cecchinato
197,106071,Bernard,Tomic,R,19921021.0,AUS,106071,Bernard Tomic
198,106072,Alexey,Vatutin,U,19921027.0,RUS,106072,Alexey Vatutin
199,106075,Jozef,Kovalik,R,19921104.0,SVK,106075,Jozef Kovalik
200,106078,Egor,Gerasimov,R,19921111.0,BLR,106078,Egor Gerasimov
201,106099,Salvatore,Caruso,R,19921215.0,ITA,106099,Salvatore Caruso
202,106105,Guilherme,Clezar,R,19921231.0,BRA,106105,Guilherme Clezar
203,106106,George,Tsivadze,U,19930102.0,GEO,106106,George Tsivadze
204,106109,Alex,Bolt,L,19930105.0,AUS,106109,Alex Bolt
205,106110,Filip,Horansky,R,19930107.0,SVK,106110,Filip Horansky
206,106120,Ricardo,Ojeda Lara,U,19930126.0,ESP,106120,Ricardo Ojeda Lara
207,106121,Taro,Daniel,R,19930127.0,JPN,106121,Taro Daniel
208,106138,Yaraslau,Shyla,R,19930305.0,BLR,106138,Yaraslau Shyla
209,106148,Roberto,Carballes Baena,R,19930323.0,ESP,106148,Roberto Carballes Baena
210,106150,Jeson,Patrombon,R,19930327.0,PHI,106150,Jeson Patrombon
211,106167,Joris,De Loore,R,19930421.0,BEL,106167,Joris De Loore
212,106174,Gonzalo,Lama,R,19930427.0,CHI,106174,Gonzalo Lama
213,106175,Ricardo,Rodriguez,R,19930428.0,VEN,106175,Ricardo Rodriguez
214,106177,Oriol,Roca Batalla,R,19930430.0,ESP,106177,Oriol Roca Batalla
215,106186,Jason,Kubler,R,19930519.0,AUS,106186,Jason Kubler
216,106198,Hugo,Dellien,R,19930616.0,BOL,106198,Hugo Dellien
217,106210,Jiri,Vesely,L,19930710.0,CZE,106210,Jiri Vesely
218,106214,Oscar,Otte,R,19930716.0,GER,106214,Oscar Otte
219,106216,Bjorn,Fratangelo,R,19930719.0,USA,106216,Bjorn Fratangelo
220,106218,Marcos,Giron,R,19930724.0,USA,106218,Marcos Giron
221,106220,Dimitar,Kuzmanov,R,19930728.0,BUL,106220,Dimitar Kuzmanov
222,106228,Juan Ignacio,Londero,R,19930815.0,ARG,106228,Juan Ignacio Londero
223,106232,Roberto,Cid,R,19930830.0,DOM,106232,Roberto Cid
224,106233,Dominic,Thiem,R,19930903.0,AUT,106233,Dominic Thiem
225,106249,Joao,Domingues,R,19931005.0,POR,106249,Joao Domingues
226,106250,Luis,Patino,R,19931006.0,MEX,106250,Luis Patino
227,106252,Joao Pedro,Sorgi,R,19931018.0,BRA,106252,Joao Pedro Sorgi
228,106281,Liam,Broady,L,19940104.0,GBR,106281,Liam Broady
229,106283,Mitchell,Krueger,R,19940112.0,USA,106283,Mitchell Krueger
230,106296,Gregoire,Barrere,R,19940216.0,FRA,106296,Gregoire Barrere
231,106298,Lucas,Pouille,R,19940223.0,FRA,106298,Lucas Pouille
232,106324,Vaclav,Safranek,R,19940520.0,CZE,106324,Vaclav Safranek
233,106325,Jabor,Al Mutawa,U,19940521.0,QAT,106325,Jabor Al Mutawa
234,106328,Christian,Harrison,R,19940529.0,USA,106328,Christian Harrison
235,106329,Thiago,Monteiro,L,19940531.0,BRA,106329,Thiago Monteiro
236,106333,Julien,Cagnina,R,19940604.0,BEL,106333,Julien Cagnina
237,106348,Evgeny,Karlovskiy,R,19940807.0,RUS,106348,Evgeny Karlovskiy
238,106353,Pedja,Krstin,R,19940903.0,SRB,106353,Pedja Krstin
239,106361,Adam,Pavlasek,R,19941008.0,CZE,106361,Adam Pavlasek
240,106368,Ramkumar,Ramanathan,R,19941108.0,IND,106368,Ramkumar Ramanathan
241,106378,Kyle,Edmund,R,19950108.0,GBR,106378,Kyle Edmund
242,106391,Adrian,Bodmer,U,19950306.0,SUI,106391,Adrian Bodmer
243,106393,Frederico,Ferreira Silva,L,19950318.0,POR,106393,Frederico Ferreira Silva
244,106396,Cheng Yu,Yu,U,19950402.0,TPE,106396,Cheng Yu Yu
245,106397,Wishaya,Trongcharoenchaikul,R,19950408.0,THA,106397,Wishaya Trongcharoenchaikul
246,106398,Pedro,Cachin,R,19950412.0,ARG,106398,Pedro Cachin
247,106401,Nick,Kyrgios,R,19950427.0,AUS,106401,Nick Kyrgios
248,106410,Jorge Brian,Panta Herreros,U,19950722.0,PER,106410,Jorge Brian Panta Herreros
249,106412,Lucas,Gomez,U,19950811.0,MEX,106412,Lucas Gomez
250,106415,Yoshihito,Nishioka,L,19950927.0,JPN,106415,Yoshihito Nishioka
251,106421,Daniil,Medvedev,R,19960211.0,RUS,106421,Daniil Medvedev
252,106423,Thanasi,Kokkinakis,R,19960410.0,AUS,106423,Thanasi Kokkinakis
253,106426,Christian,Garin,R,19960530.0,CHI,106426,Christian Garin
254,106432,Borna,Coric,R,19961114.0,CRO,106432,Borna Coric
255,108739,Wilfredo,Gonzalez,R,19930106.0,GUA,108739,Wilfredo Gonzalez
256,108763,Alberto Emmanuel,Alvarado Larin,U,19941201.0,ESA,108763,Alberto Emmanuel Alvarado Larin
257,109054,Daniel,Masur,R,19940611.0,GER,109054,Daniel Masur
258,109698,Christoffer,Konigsfeldt,R,19890712.0,DEN,109698,Christoffer Konigsfeldt
259,109739,Maximilian,Marterer,L,19950615.0,GER,109739,Maximilian Marterer
260,110536,Kevin,King,U,19910228.0,USA,110536,Kevin King
261,110602,Dennis,Novak,R,19930828.0,AUT,110602,Dennis Novak
262,111153,Christopher,Eubanks,R,19960505.0,USA,111153,Christopher Eubanks
263,111167,Ugo,Nastasi,R,19930416.0,LUX,111167,Ugo Nastasi
264,111190,Zhizhen,Zhang,U,19961016.0,CHN,111190,Zhizhen Zhang
265,111192,Lucas,Miedler,R,19960621.0,AUT,111192,Lucas Miedler
266,111197,Jonathan,Mridha,R,19950408.0,SWE,111197,Jonathan Mridha
267,111200,Elias,Ymer,R,19960410.0,SWE,111200,Elias Ymer
268,111202,Hyeon,Chung,R,19960519.0,KOR,111202,Hyeon Chung
269,111442,Jordan,Thompson,R,19940420.0,AUS,111442,Jordan Thompson
270,111456,Mackenzie,Mcdonald,R,19950416.0,USA,111456,Mackenzie Mcdonald
271,111459,Arjun,Kadhe,R,19940107.0,IND,111459,Arjun Kadhe
272,111460,Quentin,Halys,R,19961026.0,FRA,111460,Quentin Halys
273,111511,Noah,Rubin,R,19960221.0,USA,111511,Noah Rubin
274,111513,Laslo,Djere,R,19950602.0,SRB,111513,Laslo Djere
275,111515,Thai Son,Kwiatkowski,U,19950213.0,USA,111515,Thai Son Kwiatkowski
276,111574,Jc,Aragone,R,19950628.0,USA,111574,Jc Aragone
277,111575,Karen,Khachanov,R,19960521.0,RUS,111575,Karen Khachanov
278,111576,Sumit,Nagal,R,19970816.0,IND,111576,Sumit Nagal
279,111577,Jared,Donaldson,R,19961009.0,USA,111577,Jared Donaldson
280,111578,Stefan,Kozlov,R,19980201.0,USA,111578,Stefan Kozlov
281,111581,Michael,Mmoh,R,19980110.0,USA,111581,Michael Mmoh
282,111761,Benjamin,Lock,R,19930304.0,ZIM,111761,Benjamin Lock
283,111790,Brayden,Schnur,R,19950704.0,CAN,111790,Brayden Schnur
284,111794,Kamil,Majchrzak,R,19960113.0,POL,111794,Kamil Majchrzak
285,111795,Filippo,Baldi,R,19960110.0,ITA,111795,Filippo Baldi
286,111797,Nicolas,Jarry,R,19951011.0,CHI,111797,Nicolas Jarry
287,111805,Seong Chan,Hong,R,19970630.0,KOR,111805,Seong Chan Hong
288,111815,Cameron,Norrie,L,19950823.0,GBR,111815,Cameron Norrie
289,117356,Cem,Ilkel,R,19950821.0,TUR,117356,Cem Ilkel
290,120424,Yannick,Maden,U,19891028.0,GER,120424,Yannick Maden
291,120792,M Abid Ali Khan,Akbar,U,19900722.0,PAK,120792,M Abid Ali Khan Akbar
292,121411,Moez,Chargui,R,19930110.0,TUN,121411,Moez Chargui
293,122078,Dmitry,Popko,R,19961024.0,KAZ,122078,Dmitry Popko
294,122109,Sanjar,Fayziev,U,19940729.0,UZB,122109,Sanjar Fayziev
295,122236,Roman,Hassanov,R,19960907.0,KAZ,122236,Roman Hassanov
296,122330,Alexander,Bublik,R,19970617.0,KAZ,122330,Alexander Bublik
297,122548,Edan,Leshem,U,19970319.0,ISR,122548,Edan Leshem
298,122669,Juan Pablo,Varillas Patino Samudio,R,19951006.0,PER,122669,Juan Pablo Varillas Patino Samudio
299,123755,Daniel Elahi,Galan Riveros,U,19960618.0,COL,123755,Daniel Elahi Galan Riveros
300,123768,Collin,Altamirano,R,19951207.0,USA,123768,Collin Altamirano
301,123795,Altug,Celikbilek,U,19960907.0,TUR,123795,Altug Celikbilek
302,123921,Calvin,Hemery,R,19950128.0,FRA,123921,Calvin Hemery
303,124014,Ernesto,Escobedo,R,19960704.0,USA,124014,Ernesto Escobedo
304,124022,Chun Hun,Wong,R,19951030.0,HKG,124022,Chun Hun Wong
305,124079,Pedro,Martinez Portero,R,19970426.0,ESP,124079,Pedro Martinez Portero
306,124116,Sebastian,Ofner,R,19960512.0,AUT,124116,Sebastian Ofner
307,124126,Sarp,Agabigun,R,19970612.0,TUR,124126,Sarp Agabigun
308,124187,Reilly,Opelka,R,19970828.0,USA,124187,Reilly Opelka
309,125802,Ilya,Ivashka,R,19940224.0,BLR,125802,Ilya Ivashka
310,126094,Andrey,Rublev,R,19971020.0,RUS,126094,Andrey Rublev
311,126102,Nicolae,Frunza,R,19971115.0,ROU,126102,Nicolae Frunza
312,126120,Nino,Serdarusic,U,19961213.0,CRO,126120,Nino Serdarusic
313,126125,Maxime,Janvier,U,19961018.0,FRA,126125,Maxime Janvier
314,126127,Benjamin,Bonzi,U,19960609.0,FRA,126127,Benjamin Bonzi
315,126174,Youssef,Hossam,U,19980603.0,EGY,126174,Youssef Hossam
316,126190,Nicolas,Alvarez,R,19960608.0,PER,126190,Nicolas Alvarez
317,126203,Taylor Harry,Fritz,R,19971028.0,USA,126203,Taylor Harry Fritz
318,126204,Gerardo,Lopez Villasenor,U,19950512.0,MEX,126204,Gerardo Lopez Villasenor
319,126205,Tommy,Paul,R,19970517.0,USA,126205,Tommy Paul
320,126207,Francis,Tiafoe,R,19980120.0,USA,126207,Francis Tiafoe
321,126340,Viktor,Durasovic,U,19970319.0,NOR,126340,Viktor Durasovic
322,126502,Luis Diego,Chavez Villalpando,U,19951024.0,ESP,126502,Luis Diego Chavez Villalpando
323,126523,Bernabe,Zapata Miralles,R,19970112.0,ESP,126523,Bernabe Zapata Miralles
324,126526,Soren,Hess Olesen,U,19910109.0,DEN,126526,Soren Hess Olesen
325,126530,Peter,Bothwell,R,19950928.0,IRL,126530,Peter Bothwell
326,126535,Carlos,Taberner,R,19970808.0,ESP,126535,Carlos Taberner
327,126610,Matteo,Berrettini,R,19960412.0,ITA,126610,Matteo Berrettini
328,126613,Bogdan,Borza,L,19970405.0,ROU,126613,Bogdan Borza
329,126652,Jay,Clarke,R,19980727.0,GBR,126652,Jay Clarke
330,126774,Stefanos,Tsitsipas,R,19980812.0,GRE,126774,Stefanos Tsitsipas
331,126845,Max,Purcell,U,19980403.0,AUS,126845,Max Purcell
332,126846,Aleksandar,Vukic,R,19960406.0,AUS,126846,Aleksandar Vukic
333,126939,Khumoun,Sultanov,U,19981027.0,UZB,126939,Khumoun Sultanov
334,126952,Soon Woo,Kwon,R,19971202.0,KOR,126952,Soon Woo Kwon
335,127143,Jirat,Navasirisomboon,R,19961117.0,THA,127143,Jirat Navasirisomboon
336,127300,Djurabek,Karimov,U,19980604.0,UZB,127300,Djurabek Karimov
337,127339,Borna,Gojo,U,19980227.0,CRO,127339,Borna Gojo
338,127570,Rodrigo,Arus,U,19950220.0,URU,127570,Rodrigo Arus
339,128034,Hubert,Hurkacz,R,19970211.0,POL,128034,Hubert Hurkacz
340,132283,Lorenzo,Sonego,R,19950511.0,ITA,132283,Lorenzo Sonego
341,132482,Liam,Caruana,U,19980122.0,USA,132482,Liam Caruana
342,133297,Yosuke,Watanuki,U,19980412.0,JPN,133297,Yosuke Watanuki
343,133430,Denis,Shapovalov,L,19990415.0,CAN,133430,Denis Shapovalov
344,133975,Benjamin,Hassan,U,19950204.0,GER,133975,Benjamin Hassan
345,134114,Jad,Ballout,U,19960922.0,TPE,134114,Jad Ballout
346,134120,Kuan Yi,Lee,U,19960909.0,TPE,134120,Kuan Yi Lee
347,134217,Skyler,Butts,U,19930918.0,HKG,134217,Skyler Butts
348,134770,Casper,Ruud,R,19981222.0,NOR,134770,Casper Ruud
349,134868,Tallon,Griekspoor,R,19960702.0,NED,134868,Tallon Griekspoor
350,134886,Sharmal,Dissanayake,R,19960514.0,SRI,134886,Sharmal Dissanayake
351,136440,Dominik,Koepfer,L,19940429.0,GER,136440,Dominik Koepfer
352,138431,Darko,Bojanovic,U,19970208.0,BIH,138431,Darko Bojanovic
353,138845,Anthony Jackie,Tang,U,19981126.0,HKG,138845,Anthony Jackie Tang
354,138846,Hong Kit Jack,Wong,U,19980830.0,HKG,138846,Hong Kit Jack Wong
355,144645,Zdenek,Kolar,U,19961009.0,CZE,144645,Zdenek Kolar
356,144707,Mikael,Ymer,R,19980909.0,SWE,144707,Mikael Ymer
357,144719,Jaume,Munar,R,19970505.0,ESP,144719,Jaume Munar
358,144750,Lloyd George Muirhead,Harris,R,19970224.0,RSA,144750,Lloyd George Muirhead Harris
359,144760,Amine,Ahouda,U,19970911.0,MAR,144760,Amine Ahouda
360,144776,Christophe,Tholl,,19941219.0,LUX,144776,Christophe Tholl
361,144807,Kenneth,Raisma,L,19980403.0,EST,144807,Kenneth Raisma
362,144817,Marc Andrea,Huesler,U,19960624.0,SUI,144817,Marc Andrea Huesler
363,144826,Aziz,Dougaz,U,19970326.0,TUN,144826,Aziz Dougaz
364,144895,Corentin,Moutet,L,19990419.0,FRA,144895,Corentin Moutet
365,200000,Felix,Auger Aliassime,R,20000808.0,CAN,200000,Felix Auger Aliassime
366,200005,Ugo,Humbert,L,19980626.0,FRA,200005,Ugo Humbert
367,200031,Lucas,Catarina,R,19960826.0,MON,200031,Lucas Catarina
368,200045,Anthony,Susanto,U,19970523.0,INA,200045,Anthony Susanto
369,200059,Yibing,Wu,R,19991014.0,CHN,200059,Yibing Wu
370,200075,Yshai,Oliel,L,20000105.0,ISR,200075,Yshai Oliel
371,200095,Nicola,Kuhn,R,20000320.0,ESP,200095,Nicola Kuhn
372,200175,Miomir,Kecmanovic,R,19990831.0,SRB,200175,Miomir Kecmanovic
373,200218,Mate,Valkusz,R,19980813.0,HUN,200218,Mate Valkusz
374,200250,Mehluli Don Ayanda,Sibanda,R,19991106.0,ZIM,200250,Mehluli Don Ayanda Sibanda
375,200273,Hady,Habib,,19980821.0,LIB,200273,Hady Habib
376,200274,Alex,Diaz,,19970802.0,PUR,200274,Alex Diaz
377,200278,Simon,Carr,R,19991107.0,IRL,200278,Simon Carr
378,200282,Alex,De Minaur,R,19990217.0,AUS,200282,Alex De Minaur
379,200325,Emil,Ruusuvuori,R,19990402.0,FIN,200325,Emil Ruusuvuori
380,200384,Hugo,Gaston,U,20000926.0,FRA,200384,Hugo Gaston
381,200401,Amir Hossein,Badi,U,19981209.0,IRI,200401,Amir Hossein Badi
382,200436,Zsombor,Piros,U,19991013.0,HUN,200436,Zsombor Piros
383,200460,John Bryan Decasa,Otico,U,19990625.0,PHI,200460,John Bryan Decasa Otico
384,200483,Peter August,Anker,U,19990603.0,NOR,200483,Peter August Anker
385,200484,Rudolf,Molleker,R,20001026.0,GER,200484,Rudolf Molleker
386,200514,Jurij,Rodionov,L,19990516.0,AUT,200514,Jurij Rodionov
387,200574,Alexander,Donski,U,19980801.0,CAN,200574,Alexander Donski
388,200611,Elliot,Benchetrit,U,19981002.0,FRA,200611,Elliot Benchetrit
389,200615,Alexei,Popyrin,R,19990805.0,AUS,200615,Alexei Popyrin
390,200619,Sebastian,Arcila,,,PUR,200619,Sebastian Arcila
391,200620,Ignacio,Garcia,,,PUR,200620,Ignacio Garcia
392,200624,Sebastian,Korda,U,20000705.0,USA,200624,Sebastian Korda
393,200711,Nicolas,Mejia,R,20000211.0,COL,200711,Nicolas Mejia
394,202090,Adrian,Andreev,U,20010512.0,BUL,202090,Adrian Andreev
395,202130,Emil,Reinberg,R,19970420.0,USA,202130,Emil Reinberg
396,202165,Alberto,Lim,R,19990518.0,PHI,202165,Alberto Lim
397,202210,Edris,Fetisleam,U,19990725.0,ROU,202210,Edris Fetisleam
398,202358,Chun Hsin,Tseng,R,20010808.0,TPE,202358,Chun Hsin Tseng
399,202382,Simen Sunde,Bratholm,R,19990304.0,NOR,202382,Simen Sunde Bratholm
400,202385,Jenson,Brooksby,U,20001026.0,USA,202385,Jenson Brooksby
401,202462,Yasitha,De Silva,,19950703.0,SRI,202462,Yasitha De Silva
402,205734,Thiago,Seyboth Wild,R,20000310.0,BRA,205734,Thiago Seyboth Wild
403,206000,Michel,Saade,U,19980929.0,LIB,206000,Michel Saade
404,206642,Yassir,Kilani,R,20000810.0,MAR,206642,Yassir Kilani
405,206768,Rafael Eduardo,Gonzalez Retana,R,20000126.0,ESA,206768,Rafael Eduardo Gonzalez Retana
406,207139,Palaphoom,Kovapitukted,U,19991205.0,THA,207139,Palaphoom Kovapitukted
407,207176,Muhammad,Althaf Dhaifullah,R,20001119.0,INA,207176,Muhammad Althaf Dhaifullah
408,207400,Mark,Chigaazira,R,19980429.0,ZIM,207400,Mark Chigaazira
409,207415,Daniel,Michalski,U,20000111.0,POL,207415,Daniel Michalski
410,207421,Alex,Fairbanks,U,19960212.0,SRI,207421,Alex Fairbanks
411,207479,Soufiane,El Mesbahi,R,20010222.0,MAR,207479,Soufiane El Mesbahi
412,207738,Brandon,Perez,U,20000114.0,VEN,207738,Brandon Perez
413,207836,Muzammil,Murtaza,R,19991112.0,PAK,207836,Muzammil Murtaza
414,207971,Xavier,Lawrence,,19981222.0,BAR,207971,Xavier Lawrence
415,207972,Minjong,Park,,20011022.0,KOR,207972,Minjong Park
416,207973,Ainius,Sabaliauskas,,20030726.0,LTU,207973,Ainius Sabaliauskas
417,208028,Francisco,Llanes,U,20020416.0,URU,208028,Francisco Llanes
418,208029,Holger Vitus Nodskov,Rune,U,20030429.0,DEN,208029,Holger Vitus Nodskov Rune
